Model,Accuracy,Precision,Recall,F1,ROC-AUC,Best Threshold,Total Revenue (€),Avg Revenue (€)
XGBoost (Optuna Tuned),0.3421734303688171,0.13283352556708958,0.456708526107072,0.2058078927773641,0.6459253851114625,0.2,2183.75,0.269365980017269
XGBoost,0.3789317873442704,0.13251252086811352,0.4196959682749504,0.2014274385408406,0.6426566260942221,0.19,2021.25,0.24932157394843962
Gradient Boosting,0.3413099790304675,0.13903037162799473,0.4871116986120291,0.2163193425300851,0.6416230200661099,0.2,2020.0,0.24916738620944862
Random Forest,0.3957074133464907,0.1293782837127846,0.3906146728354263,0.1943759250123335,0.6402189015590493,0.48000000000000004,2016.25,0.24870482299247565
Logistic Regression,0.6024423337856174,0.24719101123595505,0.5525446133509584,0.3415730337078652,0.6198107955699276,0.5,1675.0,0.2066115702479339
KNN,0.3165165906007154,0.17177314211212516,0.6966292134831461,0.2755915805987711,0.5542990473223568,0.28,1082.5,0.13352658196620204
